<?xml version="1.0" encoding="UTF-8"?>
<!DOCTYPE Configure PUBLIC "-//Jetty//Configure//EN" "http://www.eclipse.org/jetty/configure.dtd">

<!-- =============================================================== -->
<!-- Configure the Jetty Server -->
<!-- -->
<!-- Documentation of this file format can be found at: -->
<!-- http://wiki.eclipse.org/Jetty/Reference/jetty.xml_syntax -->
<!-- -->
<!-- Additional configuration files are available in $JETTY_HOME/etc -->
<!-- and can be mixed in. For example: -->
<!-- java -jar start.jar etc/jetty.xml etc/jetty-ssl.xml -->
<!-- -->
<!-- See start.ini file for the default configuraton files -->
<!-- =============================================================== -->


<Configure id="Server" class="org.eclipse.jetty.server.Server">

	<!-- =========================================================== -->
	<!-- Server Thread Pool -->
	<!-- =========================================================== -->
	<Get name="ThreadPool">
		<Set name="minThreads" type="int">10</Set>
		<Set name="maxThreads" type="int">200</Set>
		<Set name="idleTimeout" type="int">60000</Set>
		<Set name="detailedDump">false</Set>
	</Get>

    <!-- =========================================================== -->
    <!-- Http Configuration.                                         -->
    <!-- This is a common configuration instance used by all         -->
    <!-- connectors that can carry HTTP semantics (HTTP, HTTPS, SPDY)-->
    <!-- It configures the non wire protocol aspects of the HTTP     -->
    <!-- semantic.                                                   -->
    <!--                                                             -->
    <!-- This configuration is only defined here and is used by      -->
    <!-- reference from the jetty-http.xml, jetty-https.xml and      -->
    <!-- jetty-spdy.xml configuration files which instantiate the    -->
    <!-- connectors.                                                 -->
    <!--                                                             -->
    <!-- Consult the javadoc of o.e.j.server.HttpConfiguration       -->
    <!-- for all configuration that may be set here.                 -->
    <!-- =========================================================== -->
    <New id="httpConfig" class="org.eclipse.jetty.server.HttpConfiguration">
		  <Set name="outputBufferSize">32768</Set>
		  <Set name="requestHeaderSize">8192</Set>
		  <Set name="responseHeaderSize">8192</Set>
		  <Set name="sendServerVersion">false</Set>
		  <Set name="sendXPoweredBy">false</Set>
		  <Set name="sendDateHeader">false</Set>
		  <Set name="headerCacheSize">512</Set>
    </New>

	<!-- =========================================================== -->
	<!-- Add Connectors -->
	<!-- =========================================================== -->
	<Call name="addConnector">
		<Arg>
			<New class="org.eclipse.jetty.server.ServerConnector">
				<Arg name="server">
					<Ref refid="Server" />
				</Arg>
				<Arg name="factories">
					<Array type="org.eclipse.jetty.server.ConnectionFactory">
						<Item>
							<New class="org.eclipse.jetty.server.HttpConnectionFactory">
								<Arg name="config"><Ref refid="httpConfig" /></Arg>
							</New>
						</Item>
					</Array>
				</Arg>
				<Set name="host">0.0.0.0</Set>
				<Set name="port">8080</Set>
				<Set name="idleTimeout">30000</Set>
				<Set name="soLingerTime"><Property name="http.soLingerTime" default="-1"/></Set>
			</New>
		</Arg>
	</Call>

	<!-- =========================================================== -->
	<!-- Add annotation Configuring classes to all webapps for this Server -->
	<!-- =========================================================== -->
	<Call class="org.eclipse.jetty.webapp.Configuration$ClassList" name="setServerDefault">
		<Arg><Ref refid="Server" /></Arg>
		<Call name="addBefore">
			<Arg name="beforeClass">org.eclipse.jetty.webapp.JettyWebXmlConfiguration</Arg>
			<Arg>
				<Array type="String">
					<Item>org.eclipse.jetty.annotations.AnnotationConfiguration</Item>
				</Array>
			</Arg>
		</Call>
	</Call>

	<!-- =========================================================== -->
	<!-- Set handler Collection Structure -->
	<!-- =========================================================== -->
	<Set name="handler">
		<New id="Handlers" class="org.eclipse.jetty.server.handler.HandlerCollection">
			<Set name="handlers">
				<Array type="org.eclipse.jetty.server.Handler">
					<Item>
						<New class="org.eclipse.jetty.webapp.WebAppContext">
							<Set name="contextPath">/</Set>
							<Set name="resourceBase">webapps</Set>
							<Set name="descriptor">webapps/WEB-INF/web.xml</Set>
							<Set name="defaultsDescriptor">webapps/WEB-INF/webdefault.xml</Set>
							<Set name="extractWAR">false</Set>
							<Set name="copyWebDir">false</Set>
							<Set name="maxFormContentSize">600000</Set>
						</New>
					</Item>
					<Item>
						<New id="DefaultHandler" class="org.eclipse.jetty.server.handler.DefaultHandler" />
					</Item>
				</Array>
			</Set>
		</New>
	</Set>

    <!-- =========================================================== -->
    <!-- extra options                                               -->
    <!-- =========================================================== -->
    <Set name="stopAtShutdown">true</Set>
    <Set name="stopTimeout">5000</Set>
    <Set name="dumpAfterStart">false</Set>
    <Set name="dumpBeforeStop">false</Set>

</Configure>