<?xml version="1.0" encoding="UTF-8" ?>
<!DOCTYPE log4j:configuration SYSTEM "log4j.dtd">

<log4j:configuration xmlns:log4j="http://jakarta.apache.org/log4j/">

	<appender name="CONSOLE" class="org.apache.log4j.ConsoleAppender">
		<layout class="org.apache.log4j.PatternLayout">
			<param name="ConversionPattern" value="[%-4p]%d{yyyy-MM-dd HH:mm:ss} [%t] %c{1}.%M(%L) | %m%n" />
		</layout>
	</appender>

	<appender name="FILE" class="org.apache.log4j.RollingFileAppender">
		<param name="file" value="logs/log.log" />
		<param name="MaxFileSize" value="5MB"/>
		<param name="MaxBackupIndex" value="5"/>
		<param name="append" value="true" />
		<param name="encoding" value="UTF-8" />
		<layout class="org.apache.log4j.PatternLayout">
			<param name="ConversionPattern" value="[%-4p]%d{yyyy-MM-dd HH:mm:ss} %l [%t] - %m%n" />
		</layout>
	</appender>

	<root>
		<level value="INFO" />
		<appender-ref ref="FILE" />
	</root>
	
	<!-- logger name="org.eclipse.jetty">
	    <level value="INFO" />
		<appender-ref ref="CONSOLE" />
	</logger -->

</log4j:configuration>
