<?xml version="1.0" encoding="UTF-8"?>
<beans xmlns="http://www.springframework.org/schema/beans"
	xmlns:p="http://www.springframework.org/schema/p" xmlns:xsi="http://www.w3.org/2001/XMLSchema-instance"
	xmlns:context="http://www.springframework.org/schema/context" xmlns:tx="http://www.springframework.org/schema/tx"
	xmlns:mvc="http://www.springframework.org/schema/mvc" xmlns:jdbc="http://www.springframework.org/schema/jdbc"
	xsi:schemaLocation="http://www.springframework.org/schema/beans
		http://www.springframework.org/schema/beans/spring-beans-4.0.xsd
		http://www.springframework.org/schema/context
		http://www.springframework.org/schema/context/spring-context-4.0.xsd
		http://www.springframework.org/schema/tx
		http://www.springframework.org/schema/tx/spring-tx-4.0.xsd
		http://www.springframework.org/schema/mvc
		http://www.springframework.org/schema/mvc/spring-mvc.xsd
		http://www.springframework.org/schema/jdbc
		http://www.springframework.org/schema/jdbc/spring-jdbc-4.0.xsd">

	<!-- context:property-placeholder location="classpath:wechat.properties" /-->

	<context:annotation-config />
	<context:component-scan base-package="com.travel" />
	<mvc:annotation-driven />
 <tx:annotation-driven transaction-manager="transactionManager" />

	<bean id="dataSource" class="com.jolbox.bonecp.BoneCPDataSource" destroy-method="close">
		<property name="driverClass" value="com.mysql.jdbc.Driver" />
		<property name="jdbcUrl" value="jdbc:mysql://mysql.travel.com/aie_v2?UseUnicode=true&amp;characterEncoding=UTF-8" />
		<property name="username" value="root" />
		<property name="password" value="root" />
		<property name="idleConnectionTestPeriodInMinutes" value="60" />
		<property name="idleMaxAgeInMinutes" value="240" />
		<property name="maxConnectionsPerPartition" value="10" />
		<property name="minConnectionsPerPartition" value="2" />
		<property name="partitionCount" value="5" />
		<property name="acquireIncrement" value="10" />
		<property name="statementsCacheSize" value="150" />
		<property name="releaseHelperThreads" value="3" />
	</bean>

	<bean id="transactionManager" class="org.springframework.jdbc.datasource.DataSourceTransactionManager">
		<property name="dataSource" ref="dataSource" />
	</bean>

	<bean id="jdbcTemplate" class="org.springframework.jdbc.core.JdbcTemplate">
		<property name="dataSource" ref="dataSource" />
	</bean>
	<bean id="multipartResolver"
		  class="org.springframework.web.multipart.commons.CommonsMultipartResolver">
		<property name="defaultEncoding" value="utf-8" />
		<property name="maxUploadSize" value="10485760000" />
		<property name="maxInMemorySize" value="40960" />
	</bean>
</beans>